School Name,School Type,Starting Median Salary,Mid Career Median Salary,StartFx,MidFX
Abilene Christian University,Private,40400,72800,96.18452%,99.59383%
Academy of Art University,"Private for-profit, Arts & Design",44800,76800,106.66006%,105.06602%
Adelphi University,Private Research Universities,48000,89100,114.27863%,121.89300%
Alabama A&M University (AAMU),State Schools,35300,58300,84.04241%,79.75715%
Alabama State University (ASU),State Schools,32200,54300,76.66192%,74.28496%
Albertus Magnus College,Liberal Arts,45200,64700,107.61238%,88.51265%
Albion College,Liberal Arts,36600,83600,87.13746%,114.36874%
Albright College,Liberal Arts,34200,63200,81.42353%,86.46058%
Alcorn State University,State Schools,32000,47900,76.18576%,65.52946%
Alfred University,Private,45800,79100,109.04086%,108.21253%
Allegheny College,Liberal Arts,38900,86900,92.61331%,118.88330%
Alma College,Liberal Arts,34600,67100,82.37585%,91.79596%
Alvernia University,Private,36000,61900,85.70897%,84.68212%
Alverno College,Private,44900,56100,106.89814%,76.74744%
American Intercontinental University (AIU),"Private for-profit, Private",38200,55200,90.94675%,75.51620%
American International College,Private,39000,58000,92.85139%,79.34673%
American Public University System,"Private for-profit, Private",45000,69800,107.13622%,95.48969%
"American University, Washington D.C.",Private Research Universities,43000,86600,102.37461%,118.47288%
Amherst College,Liberal Arts,51800,102000,123.32569%,139.54081%
Anderson University,Private,36500,56100,86.89938%,76.74744%
Andrews University,Private Research Universities,39800,62000,94.75603%,84.81892%
Angelo State University,State Schools,37400,66800,89.04210%,91.38555%
Appalachian State University,State Schools,35500,67300,84.51857%,92.06957%
Arcadia University,Private,40600,81600,96.66068%,111.63265%
Arizona State University (ASU),"State Schools, Party",44500,81600,105.94582%,111.63265%
Arkansas State University (ASU),State Schools,33900,60400,80.70928%,82.63005%
Arkansas Tech University,State Schools,40800,57700,97.13684%,78.93632%
Armstrong Atlantic State University (AASU),State Schools,41300,59800,98.32724%,81.80922%
Art Center College of Design,Arts & Design,48800,75600,116.18328%,103.42436%
Art Institute of Pittsburgh,"Private for-profit, Arts & Design",33800,51100,80.47120%,69.90721%
Asbury College,Liberal Arts,33900,47300,80.70928%,64.70863%
Ashford University,"Private for-profit, Private",33800,45600,80.47120%,62.38295%
Ashland University,Private,36700,63900,87.37554%,87.41821%
Assumption College,Private,45800,83900,109.04086%,114.77915%
Athens State University,State Schools,36100,60600,85.94706%,82.90366%
Auburn University,State Schools,44800,87400,106.66006%,119.56732%
Auburn University Montgomery (AUM),State Schools,37300,59100,88.80402%,80.85159%
Augsburg College,Private,41900,75400,99.75572%,103.15075%
Augusta State University,State Schools,36700,62600,87.37554%,85.63975%
"Augustana College, Illinois",Liberal Arts,41200,72400,98.08916%,99.04661%
"Augustana College, South Dakota",Private,41100,55200,97.85108%,75.51620%
Aurora University,Private,39900,70900,94.99411%,96.99454%
Austin College,Liberal Arts,37600,73500,89.51826%,100.55146%
Austin Peay State University,State Schools,38000,64600,90.47058%,88.37584%
Averett University,Private,33700,80300,80.23312%,109.85418%
Avila University,Private,42000,67200,99.99380%,91.93277%
Azusa Pacific University,Private Research Universities,39200,67100,93.32755%,91.79596%
Babson College,Private,57500,108000,136.89628%,147.74909%
Baker College,Private,35600,61300,84.75665%,83.86129%
Baker University,Liberal Arts,39800,61200,94.75603%,83.72448%
Baldwin-Wallace College,Private,39600,67900,94.27987%,92.89040%
Ball State University (BSU),State Schools,37100,67800,88.32786%,92.75360%
Barnard College - Columbia University,Liberal Arts,43800,75000,104.27925%,102.60353%
Barry University,Private Research Universities,45000,64900,107.13622%,88.78626%
Barton College,Private,35300,59900,84.04241%,81.94602%
Baruch College,State Schools,48900,83500,116.42136%,114.23194%
Bates College,Liberal Arts,45400,99800,108.08854%,136.53110%
Baylor University,Private Research Universities,45400,86200,108.08854%,117.92566%
Belhaven University,Private,34700,55400,82.61393%,75.78981%
Bellarmine University,State Schools,42200,72000,100.46996%,98.49939%
Bellevue University,Private,38400,66700,91.42291%,91.24874%
Belmont Abbey College,Private,40500,58500,96.42260%,80.03076%
Belmont University,Private,39500,64600,94.04179%,88.37584%
Beloit College,Liberal Arts,38500,74200,91.66099%,101.50910%
Bemidji State University (BSU),State Schools,36800,62600,87.61362%,85.63975%
Benedict College,Private,31400,50100,74.75727%,68.53916%
Benedictine University,Private,42000,66500,99.99380%,90.97513%
Bentley University,Private,50800,98500,120.94489%,134.75264%
Berea College,Liberal Arts,33200,52400,79.04272%,71.68567%
Berkeley College,"Private for-profit, Private",39300,64600,93.56563%,88.37584%
Berklee College of Music,Arts & Design,37300,66300,88.80402%,90.70152%
Berry College,Liberal Arts,36300,71300,86.42322%,97.54176%
"Bethel College, Indiana",Private,35700,59600,84.99473%,81.53561%
"Bethel University, Minnesota",Private,41600,73300,99.04148%,100.27785%
"Bethel University, Tennessee",Private,33400,47300,79.51888%,64.70863%
Bethune Cookman University,Private,34300,54500,81.66161%,74.55857%
Binghamton University,State Schools,49700,86000,118.32600%,117.65205%
Biola University,Private Research Universities,38700,73900,92.13715%,101.09868%
Birmingham Southern College,Liberal Arts,40900,62300,97.37492%,85.22934%
Black Hills State University,State Schools,32800,47000,78.09040%,64.29822%
Bloomfield College,Liberal Arts,40200,70100,95.70835%,95.90010%
Bloomsburg University of Pennsylvania,State Schools,39800,66800,94.75603%,91.38555%
Bluefield State College,State Schools,35300,61000,84.04241%,83.45087%
Bluffton University,Private,35000,53400,83.32817%,73.05372%
Bob Jones University,Private,38600,66300,91.89907%,90.70152%
Boise State University (BSU),State Schools,41000,66100,97.61300%,90.42792%
Boston College,Private Research Universities,49200,96800,117.13560%,132.42696%
Boston University,Private Research Universities,46900,88800,111.65975%,121.48259%
Bowdoin College,Liberal Arts,45300,103000,107.85046%,140.90885%
Bowie State University (BSU),State Schools,43900,68600,104.51733%,93.84803%
Bowling Green State University,State Schools,39200,71100,93.32755%,97.26815%
Bradley University,Private,44500,87900,105.94582%,120.25134%
Brandeis University,Private Research Universities,47100,77500,112.13591%,106.02365%
Brenau University,Private,36800,57000,87.61362%,77.97869%
Briar Cliff University,Private,38800,55300,92.37523%,75.65301%
Bridgewater College,Liberal Arts,35600,51900,84.75665%,71.00165%
Bridgewater State College,State Schools,38400,63800,91.42291%,87.28141%
Brigham Young University (BYU),Private Research Universities,48100,85900,114.51671%,117.51525%
Brooklyn College,State Schools,41500,74700,98.80340%,102.19312%
Brown University,"Private Research Universities, Ivy League",49400,109000,117.61176%,149.11714%
Bryant University,Private,49200,83500,117.13560%,114.23194%
Bryn Mawr College,Liberal Arts,41900,72900,99.75572%,99.73064%
Bucknell University,Liberal Arts,55800,115000,132.84891%,157.32542%
Buena Vista University,Private,35300,69400,84.04241%,94.94247%
Butler University,Private,41200,82000,98.08916%,112.17986%
Cabrini College,Private,40300,68800,95.94644%,94.12164%
Caldwell College,Private,40900,53500,97.37492%,73.19052%
California College of the Arts,Arts & Design,47400,100000,112.85015%,136.80471%
California Institute of Technology (Caltech),"Private Research Universities, Engineering",69900,120000,166.41826%,164.16566%
California Lutheran University (CLU),Private,48400,79200,115.23095%,108.34933%
"California Polytechnic State University, San Luis Obispo (CalPoly)",State Schools,55000,99200,130.94427%,135.71028%
"California State Polytechnic University, Pomona",State Schools,48500,93300,115.46904%,127.63880%
"California State University (CSU), Chico",State Schools,46900,83000,111.65975%,113.54791%
"California State University (CSU), Fresno (Fresno State)",State Schools,43500,80300,103.56501%,109.85418%
"California State University (CSU), Stanislaus",State Schools,40000,71900,95.23219%,98.36259%
"California State University, Bakersfield (CSUB)",State Schools,46000,64500,109.51702%,88.23904%
"California State University, Dominguez Hills (CSUDH)",State Schools,43400,71900,103.32693%,98.36259%
"California State University, East Bay (CSUEB)",State Schools,48800,79800,116.18328%,109.17016%
"California State University, Fullerton (CSUF)",State Schools,42500,81800,101.18421%,111.90626%
"California State University, Long Beach (CSULB)",State Schools,44400,82700,105.70774%,113.13750%
"California State University, Los Angeles (CSULA)",State Schools,44200,77300,105.23157%,105.75004%
"California State University, Northridge (CSUN)",State Schools,43200,81300,102.85077%,111.22223%
"California State University, Sacramento (CSUS)",State Schools,44600,84500,106.18390%,115.59998%
"California State University, San Bernardino (CSUSB)",State Schools,40900,66800,97.37492%,91.38555%
"California State University, San Marcos (CSUSM)",State Schools,42900,69800,102.13653%,95.48969%
California University of Pennsylvania (Cal U),State Schools,37400,62400,89.04210%,85.36614%
Calvin College,Liberal Arts,40500,73100,96.42260%,100.00425%
Cameron University,State Schools,32500,62400,77.37616%,85.36614%
Campbell University,Private,35200,58700,83.80433%,80.30437%
Canisius College,Private,37600,73300,89.51826%,100.27785%
Capella University,"Private for-profit, Private Research Universities",43400,70800,103.32693%,96.85774%
Capital University,Private,35600,67000,84.75665%,91.65916%
Cardinal Stritch University,Private,44600,65400,106.18390%,89.47028%
Carleton College,Liberal Arts,42300,105000,100.70805%,143.64495%
Carlow University,Private,43000,57500,102.37461%,78.66271%
Carnegie Mellon University (CMU),"Private Research Universities, Engineering",62400,108000,148.56222%,147.74909%
"Carroll College, Montana",Liberal Arts,38600,64000,91.89907%,87.55502%
"Carroll University, Wisconsin",Private,40300,60100,95.94644%,82.21963%
Carson Newman College,Liberal Arts,33200,55000,79.04272%,75.24259%
Carthage College,Private,37900,77300,90.23250%,105.75004%
Case Western Reserve University,"Private Research Universities, Engineering",54600,98600,129.99194%,134.88945%
Catholic University of America,Private Research Universities,45500,75900,108.32662%,103.83478%
Cedar Crest College,Liberal Arts,41800,56900,99.51764%,77.84188%
Cedarville University,Private,38900,54300,92.61331%,74.28496%
Centenary College,Private,41800,61000,99.51764%,83.45087%
Central College,Liberal Arts,38000,76300,90.47058%,104.38200%
Central Connecticut State University,State Schools,43400,77200,103.32693%,105.61324%
Central Michigan University,State Schools,37900,65500,90.23250%,89.60709%
Central State University,State Schools,34600,55700,82.37585%,76.20023%
Central Washington University (CWU),State Schools,42600,76600,101.42229%,104.79241%
Chaminade University,Private,37000,59900,88.08978%,81.94602%
Chapman University,Private,40900,78500,97.37492%,107.39170%
Charleston Southern University (CSU),Private,37100,64500,88.32786%,88.23904%
Charter Oak State College,State Schools,55600,78400,132.37275%,107.25489%
Chestnut Hill College,Private,34100,65000,81.18545%,88.92306%
Chicago State University (CSU),State Schools,39600,54200,94.27987%,74.14815%
Christian Brothers University,Private,43600,87500,103.80309%,119.70412%
Christopher Newport University,State Schools,39600,61500,94.27987%,84.13490%
City College of New York (CCNY),State Schools,48300,77900,114.99287%,106.57087%
Claremont McKenna College,Liberal Arts,58700,104000,139.75324%,142.27690%
Clarion University of Pennsylvania,State Schools,34800,65100,82.85201%,89.05987%
Clark Atlanta University (CAU),Private Research Universities,38700,59600,92.13715%,81.53561%
Clark University,Private Research Universities,40200,78700,95.70835%,107.66531%
Clarke College,Liberal Arts,37600,65500,89.51826%,89.60709%
Clarkson University,"Private Research Universities, Engineering",57200,99600,136.18204%,136.25749%
Clayton College & State University,State Schools,39800,56300,94.75603%,77.02105%
Clemson University,State Schools,47500,83800,113.08823%,114.64235%
Cleveland State University,State Schools,41000,72700,97.61300%,99.45703%
Coe College,Liberal Arts,40600,74000,96.66068%,101.23549%
Coker College,Private,28900,40300,68.80526%,55.13230%
Colby College,Liberal Arts,43000,93000,102.37461%,127.22838%
Colgate University,Liberal Arts,48700,119000,115.94520%,162.79761%
College for Creative Studies,Arts & Design,40600,64000,96.66068%,87.55502%
College of Charleston,State Schools,35700,66900,84.99473%,91.52235%
College of Mount St. Joseph,Private,35800,59800,85.23281%,81.80922%
College of New Rochelle,Private,35400,55900,84.28049%,76.47383%
College of Notre Dame of Maryland,Private,45900,71500,109.27894%,97.81537%
College of Our Lady of the Elms,Private,39700,68800,94.51795%,94.12164%
College of St Benedict,State Schools,40900,75400,97.37492%,103.15075%
College of Staten Island,State Schools,43700,75700,104.04117%,103.56117%
College of the Holy Cross,Liberal Arts,46700,106000,111.18359%,145.01300%
College of the Ozarks,Private,30700,53400,73.09071%,73.05372%
Colorado Christian University,Private,40700,71200,96.89876%,97.40496%
Colorado College (CC),Liberal Arts,40400,87100,96.18452%,119.15691%
Colorado School of Mines,"State Schools, Engineering",61600,113000,146.65758%,154.58933%
Colorado State University (CSU),State Schools,44200,79300,105.23157%,108.48614%
"Colorado State University (CSU), Pueblo",State Schools,36600,71500,87.13746%,97.81537%
Colorado Technical University,"Private for-profit, Private",42200,67400,100.46996%,92.20638%
Colorado Technical University Online,"Private for-profit, Private",39900,54600,94.99411%,74.69537%
Columbia College,Private,36000,63300,85.70897%,86.59738%
Columbia Southern University,"Private for-profit, Private",47900,65300,114.04055%,89.33348%
Columbia University,"Private Research Universities, Ivy League",54300,99700,129.27770%,136.39430%
Columbus College of Art And Design,Arts & Design,36100,58300,85.94706%,79.75715%
Columbus State University,State Schools,37800,62600,89.99442%,85.63975%
Concord University,State Schools,34600,42400,82.37585%,58.00520%
"Concordia College, Moorehead, Minnesota",Liberal Arts,39700,74100,94.51795%,101.37229%
"Concordia College, Nebraska",Private,37600,51200,89.51826%,70.04401%
Concordia University at Irvine,Private,40000,84900,95.23219%,116.14720%
Concordia University Wisconsin,Private,38900,56200,92.61331%,76.88425%
Connecticut College,Liberal Arts,43200,86300,102.85077%,118.06247%
Cooper Union,"Private, Engineering",57100,94200,135.94396%,128.87004%
Cornell College,Liberal Arts,37700,71500,89.75634%,97.81537%
Cornell University,"Private Research Universities, Ivy League",57500,106000,136.89628%,145.01300%
Creighton University,Private,44500,81400,105.94582%,111.35904%
Culinary Institute of America (CIA),Private,38300,58700,91.18483%,80.30437%
CUNY John Jay College Criminal Justice,State Schools,36300,68000,86.42322%,93.02720%
Daemen College,Private,36500,69300,86.89938%,94.80567%
Dakota State University,State Schools,38700,49700,92.13715%,67.99194%
Dallas Baptist University,Private,40400,65500,96.18452%,89.60709%
Dartmouth College,"Private Research Universities, Ivy League",54100,123000,128.80154%,168.26980%
Davenport University,Private,37500,50700,89.28018%,69.35999%
Davidson College,Liberal Arts,42100,101000,100.23188%,138.17276%
Delaware State University,State Schools,36200,66000,86.18514%,90.29111%
Delaware Valley College,Private,38600,52600,91.89907%,71.95928%
Delta State University,State Schools,32400,55200,77.13808%,75.51620%
Denison University,Liberal Arts,38700,89400,92.13715%,122.30341%
DePaul University,Private Research Universities,43900,83900,104.51733%,114.77915%
DePauw University,"Liberal Arts, Party",43500,85600,103.56501%,117.10483%
DeSales University,Private,41400,73600,98.56532%,100.68827%
Devry University,"Private for-profit, Private, Engineering",44900,71400,106.89814%,97.67857%
Dickinson College,Liberal Arts,45900,99100,109.27894%,135.57347%
Dominican College,Private,44600,71200,106.18390%,97.40496%
Dordt College,Private,37600,69500,89.51826%,95.07928%
Dowling College,Private,41900,76100,99.75572%,104.10839%
Drake University,Private,41400,84100,98.56532%,115.05276%
Drew University,Liberal Arts,42600,68000,101.42229%,93.02720%
Drexel University,Private Research Universities,52500,94000,124.99225%,128.59643%
Drury University,Private,39300,59700,93.56563%,81.67241%
Duke University,Private Research Universities,55300,117000,131.65851%,160.06151%
Duquesne University,Private Research Universities,43300,79600,103.08885%,108.89655%
D'Youville College,Private,52200,62900,124.27801%,86.05016%
Earlham College,Liberal Arts,35800,74700,85.23281%,102.19312%
East Carolina University (ECU),State Schools,38700,64400,92.13715%,88.10224%
East Central University,State Schools,40600,50100,96.66068%,68.53916%
East Stroudsburg University (ESU),State Schools,37500,64800,89.28018%,88.64945%
East Tennessee State University (ETSU),State Schools,36500,59000,86.89938%,80.71478%
East Texas Baptist University (ETBU),Private,38400,47000,91.42291%,64.29822%
Eastern Connecticut State University,State Schools,42000,71800,99.99380%,98.22578%
Eastern Illinois University,State Schools,35900,69900,85.47089%,95.62649%
Eastern Kentucky University,State Schools,36200,62900,86.18514%,86.05016%
Eastern Michigan University,State Schools,38900,71400,92.61331%,97.67857%
Eastern New Mexico University,State Schools,33600,67400,79.99504%,92.20638%
Eastern University,Private,37000,67000,88.08978%,91.65916%
Eastern Washington University,State Schools,37900,66500,90.23250%,90.97513%
Eckerd College,Liberal Arts,41200,67800,98.08916%,92.75360%
Edinboro University,State Schools,35400,57300,84.28049%,78.38910%
Elizabethtown College,Private,40800,74900,97.13684%,102.46673%
Elmhurst College,Private,40200,74300,95.70835%,101.64590%
Elon University,Private,41900,73600,99.75572%,100.68827%
Embry-Riddle Aeronautical University (ERAU),Private,53300,79600,126.89690%,108.89655%
Emerson College,Private,38400,70200,91.42291%,96.03691%
Emory University,Private Research Universities,47500,90000,113.08823%,123.12424%
Empire State College,State Schools,38800,64500,92.37523%,88.23904%
Emporia State University,State Schools,39200,61100,93.32755%,83.58768%
Evangel University,Liberal Arts,33500,50200,79.75696%,68.67597%
Evergreen State College,State Schools,38800,64800,92.37523%,88.64945%
Excelsior College,Liberal Arts,52500,75000,124.99225%,102.60353%
Fairfield University,Private,50100,104000,119.27832%,142.27690%
Fairleigh Dickinson University,Private,46000,76600,109.51702%,104.79241%
Fairmont State University,State Schools,39200,62900,93.32755%,86.05016%
Farmingdale State College,State Schools,42700,78200,101.66037%,106.98129%
Fashion Institute of Technology,State Schools,43900,76400,104.51733%,104.51880%
Faulkner University,Private,31800,49700,75.70959%,67.99194%
Fayetteville State University,State Schools,35300,50300,84.04241%,68.81277%
Felician College,Private,62600,72400,149.03838%,99.04661%
Ferris State University,State Schools,42200,70800,100.46996%,96.85774%
Ferrum College,Liberal Arts,37200,70000,88.56594%,95.76330%
Fitchburg State College,State Schools,40100,68300,95.47027%,93.43762%
Florida Agricultural and Mechanical (A&M) University (FAMU),State Schools,40000,68500,95.23219%,93.71123%
Florida Atlantic University (FAU),State Schools,40900,71600,97.37492%,97.95217%
Florida Hospital College of Health Sciences,Private,52500,67200,124.99225%,91.93277%
Florida Institute of Technology (Florida Tech),"Private Research Universities, Engineering",50700,84500,120.70681%,115.59998%
Florida International University (FIU),State Schools,41200,73400,98.08916%,100.41466%
Florida Southern College,Private,35300,63000,84.04241%,86.18697%
Florida State University (FSU),"State Schools, Party",40100,73900,95.47027%,101.09868%
Fontbonne University,Private,36000,57100,85.70897%,78.11549%
Fordham University,Private Research Universities,44100,96200,104.99349%,131.60613%
Fort Hays State University (FHSU),State Schools,40200,58800,95.70835%,80.44117%
Fort Lewis College,State Schools,40200,64700,95.70835%,88.51265%
Framingham State College,State Schools,39600,63000,94.27987%,86.18697%
Franklin and Marshall College,Liberal Arts,47500,82500,113.08823%,112.86389%
Franklin Pierce University,Liberal Arts,41300,69200,98.32724%,94.66886%
Franklin University,Private,40900,63900,97.37492%,87.41821%
Friends University,Private,36000,56200,85.70897%,76.88425%
Frostburg State University,State Schools,41000,67900,97.61300%,92.89040%
Furman University,Liberal Arts,40300,76200,95.94644%,104.24519%
Gannon University,Private,43200,72300,102.85077%,98.90981%
Gardner-Webb University,Private,32100,59500,76.42384%,81.39880%
Geneva College,Private,37600,50000,89.51826%,68.40236%
George Fox University,Private Research Universities,42100,58400,100.23188%,79.89395%
George Mason University,State Schools,49700,86500,118.32600%,118.33608%
George Washington University (GWU),Private Research Universities,48500,93500,115.46904%,127.91241%
Georgetown University,Private Research Universities,52500,104000,124.99225%,142.27690%
Georgia College & State University (GCSU),State Schools,38000,61400,90.47058%,83.99809%
Georgia Institute of Technology,"State Schools, Engineering",57300,105000,136.42012%,143.64495%
Georgia Southern University,State Schools,38500,67500,91.66099%,92.34318%
Georgia Southwestern State University,State Schools,35100,62000,83.56625%,84.81892%
Georgia State University,State Schools,41400,72500,98.56532%,99.18342%
Georgian Court University,Private,39900,64300,94.99411%,87.96543%
Gettysburg College,Liberal Arts,43200,90100,102.85077%,123.26105%
Gonzaga University,Private,45700,81600,108.80278%,111.63265%
"Gordon College, Massachusetts",Liberal Arts,36000,77400,85.70897%,105.88685%
Goucher College,Liberal Arts,39200,73200,93.32755%,100.14105%
Governors State University,State Schools,42200,63000,100.46996%,86.18697%
Graceland University,Private,42900,64300,102.13653%,87.96543%
Grambling State University,State Schools,38700,53500,92.13715%,73.19052%
Grand Canyon University,"Private for-profit, Private",43000,71200,102.37461%,97.40496%
Grand Valley State University,State Schools,36800,63400,87.61362%,86.73419%
Grand View University (GVU),Private,38400,61700,91.42291%,84.40851%
Grinnell College,Liberal Arts,40900,78600,97.37492%,107.52850%
Grove City College,Liberal Arts,46200,77600,109.99318%,106.16046%
Guilford College,Liberal Arts,34200,65600,81.42353%,89.74389%
Gustavus Adolphus College,Liberal Arts,41400,81300,98.56532%,111.22223%
Gwynedd-Mercy College,Private,45600,64800,108.56470%,88.64945%
Hamilton College,Liberal Arts,45600,75500,108.56470%,103.28756%
Hamline University,Private,39100,76700,93.08947%,104.92921%
Hampden-Sydney College,Liberal Arts,49800,95200,118.56408%,130.23809%
Hampton University,Private,44600,72800,106.18390%,99.59383%
Harding University,Private,38400,78300,91.42291%,107.11809%
Hardin-Simmons University (HSU),Private,41400,62300,98.56532%,85.22934%
Hartwick College,Liberal Arts,41000,69600,97.61300%,95.21608%
Harvard University,"Private Research Universities, Ivy League",57300,121000,136.42012%,165.53370%
Harvey Mudd College,"Liberal Arts, Engineering",68900,126000,164.03745%,172.37394%
Hastings College,Liberal Arts,34700,57700,82.61393%,78.93632%
Haverford College,Liberal Arts,39500,102000,94.04179%,139.54081%
Hawaii Pacific University,Private,43600,71700,103.80309%,98.08898%
Heidelberg University,Private,33500,66600,79.75696%,91.11194%
Henderson State University,State Schools,37700,65100,89.75634%,89.05987%
Hendrix College,Liberal Arts,40100,97500,95.47027%,133.38460%
Herbert H. Lehman College,State Schools,43100,60700,102.61269%,83.04046%
High Point University,Private,36900,58700,87.85170%,80.30437%
Hillsdale College,Liberal Arts,37000,79600,88.08978%,108.89655%
Hiram College,Liberal Arts,39000,73600,92.85139%,100.68827%
Hobart William Smith Colleges,Liberal Arts,42200,97300,100.46996%,133.11099%
Hofstra University,Private Research Universities,49400,87100,117.61176%,119.15691%
Holy Family University,Private,45000,71000,107.13622%,97.13135%
Hope College,Liberal Arts,39400,69000,93.80371%,94.39525%
Houghton College,Liberal Arts,36000,57100,85.70897%,78.11549%
Houston Baptist University,Private,39600,74300,94.27987%,101.64590%
Howard Payne University,Private,29500,50500,70.23374%,69.08638%
Howard University,Private Research Universities,49000,77500,116.65944%,106.02365%
Humboldt State University,State Schools,41600,77500,99.04148%,106.02365%
Hunter College - The City University of New York (CUNY),State Schools,45500,71100,108.32662%,97.26815%
Huntingdon College,Liberal Arts,30100,51600,71.66223%,70.59123%
Husson University,Private,40400,56600,96.18452%,77.43147%
Idaho State University (ISU),State Schools,46200,69800,109.99318%,95.48969%
Illinois Institute of Technology (IIT),"Private Research Universities, Engineering",54900,96300,130.70619%,131.74294%
Illinois State University,State Schools,40800,75000,97.13684%,102.60353%
Illinois Wesleyan University (IWU),Liberal Arts,41900,72500,99.75572%,99.18342%
Immaculata University,Private Research Universities,48900,61200,116.42136%,83.72448%
Indiana Institute Of Technology,Private,41000,56500,97.61300%,77.29466%
Indiana State University,State Schools,41700,68300,99.27956%,93.43762%
"Indiana University (IU), Bloomington","State Schools, Party",43000,79800,102.37461%,109.17016%
"Indiana University (IU), Northwest",State Schools,37100,60400,88.32786%,82.63005%
"Indiana University (IU), South Bend",State Schools,38300,62700,91.18483%,85.77656%
Indiana University of Pennsylvania (IUP),State Schools,39300,71200,93.56563%,97.40496%
Indiana University-Purdue University Fort Wayne (IPFW),State Schools,38800,65400,92.37523%,89.47028%
Indiana University-Purdue University Indianapolis (IUPUI),State Schools,41200,68700,98.08916%,93.98484%
Indiana Wesleyan University (IWU),Private,40900,59700,97.37492%,81.67241%
Iona College,Private,44300,90500,105.46965%,123.80827%
Iowa State University,State Schools,44900,83500,106.89814%,114.23194%
Ithaca College,Private,39800,90100,94.75603%,123.26105%
ITT Technical Institute,"Private for-profit, Private, Engineering",40400,62000,96.18452%,84.81892%
Jackson State University (JSU),State Schools,35400,53200,84.28049%,72.78011%
Jacksonville State University (JSU),State Schools,37400,61300,89.04210%,83.86129%
Jacksonville University,Private,46300,66400,110.23126%,90.83833%
James Madison University (JMU),State Schools,46800,79500,111.42167%,108.75975%
John Brown University,Private,43000,69400,102.37461%,94.94247%
John Carroll University,Private,42700,85100,101.66037%,116.42081%
Johns Hopkins University,Private Research Universities,57900,90100,137.84860%,123.26105%
Johnson & Wales University (JWU),Private,36800,58300,87.61362%,79.75715%
Judson University,Private,39000,51800,92.85139%,70.86484%
Juniata College,Liberal Arts,46000,72000,109.51702%,98.49939%
Kalamazoo College,Liberal Arts,38200,69500,90.94675%,95.07928%
Kansas State University (KSU),State Schools,42900,76500,102.13653%,104.65561%
Kaplan College,"Private for-profit, Private",36600,48700,87.13746%,66.62390%
Kean University,State Schools,41800,73400,99.51764%,100.41466%
Keene State College,State Schools,39400,67600,93.80371%,92.47999%
Kennesaw State University,State Schools,40100,67400,95.47027%,92.20638%
Kent State University,State Schools,37500,64600,89.28018%,88.37584%
Kenyon College,Liberal Arts,40600,92500,96.66068%,126.54436%
Kettering University,"Private, Engineering",55900,92500,133.08699%,126.54436%
Keuka College,Private,40300,54400,95.94644%,74.42176%
King College,Private,36000,65600,85.70897%,89.74389%
King's College,Private,35800,87700,85.23281%,119.97773%
Knox College,Liberal Arts,39500,67700,94.04179%,92.61679%
Kutztown University of Pennsylvania,State Schools,37400,65000,89.04210%,88.92306%
La Roche College,Private,33100,60000,78.80464%,82.08283%
La Salle University (Philadelphia),Private,44600,94400,106.18390%,129.14365%
Lafayette College,Liberal Arts,54800,107000,130.46811%,146.38104%
Lake Superior State University,State Schools,40500,66100,96.42260%,90.42792%
Lakeland College,Private,39600,57800,94.27987%,79.07312%
Lamar University,State Schools,42000,77400,99.99380%,105.88685%
Lander University,State Schools,33500,58400,79.75696%,79.89395%
Langston University,State Schools,42800,55700,101.89845%,76.20023%
Lawrence Technological University,"Private, Engineering",48300,88400,114.99287%,120.93537%
Lawrence University,Liberal Arts,36900,88300,87.85170%,120.79856%
Le Moyne College,Private,38900,70700,92.61331%,96.72093%
"Lee University (Cleveland, TN)",Private,29800,51100,70.94798%,69.90721%
Lehigh University,Private Research Universities,56400,111000,134.27739%,151.85323%
Lenoir-Rhyne College,Private,40100,57900,95.47027%,79.20993%
Lesley University,Private,40400,66100,96.18452%,90.42792%
LeTourneau University,Private,49800,69800,118.56408%,95.48969%
Lewis & Clark College,Liberal Arts,36500,74100,86.89938%,101.37229%
Lewis University,Private,40300,75000,95.94644%,102.60353%
Liberty University,Private,35800,58400,85.23281%,79.89395%
Limestone College,Private,36600,55100,87.13746%,75.37940%
Lincoln University,State Schools,39400,60000,93.80371%,82.08283%
Lindenwood University,Private,36100,58700,85.94706%,80.30437%
Linfield College,Liberal Arts,44800,71700,106.66006%,98.08898%
Lipscomb University,Private,38800,73300,92.37523%,100.27785%
Loma Linda University,Private,69100,80400,164.51362%,109.99099%
Long Island University,Private Research Universities,41500,85000,98.80340%,116.28401%
Longwood University,State Schools,37900,51300,90.23250%,70.18082%
Louisiana State University (LSU),State Schools,44400,79700,105.70774%,109.03336%
Louisiana Tech University,State Schools,42800,86000,101.89845%,117.65205%
Loyola Marymount University,Private,43500,92400,103.56501%,126.40755%
Loyola University - New Orleans,Private,39500,64900,94.04179%,88.78626%
Loyola University Maryland,Private,46500,97600,110.70743%,133.52140%
Loyola University of Chicago,Private Research Universities,41900,79300,99.75572%,108.48614%
Lubbock Christian University,Private,33800,62400,80.47120%,85.36614%
Luther College,Liberal Arts,39300,68300,93.56563%,93.43762%
Lycoming College,Liberal Arts,36400,71700,86.66130%,98.08898%
Lynchburg College,Private,39300,66500,93.56563%,90.97513%
Macalester College,Liberal Arts,43400,84600,103.32693%,115.73679%
Madonna University,Private,38100,62400,90.70866%,85.36614%
Malone University,Private,37900,59500,90.23250%,81.39880%
Manchester College,Private,34400,73200,81.89969%,100.14105%
Manhattan College,Private,55300,105000,131.65851%,143.64495%
Mansfield University of Pennsylvania,State Schools,36600,61400,87.13746%,83.99809%
"Marian University, Indiana",Private,43000,58800,102.37461%,80.44117%
Marietta College,Private,36400,81100,86.66130%,110.94862%
Marist College,Private,43500,78000,103.56501%,106.70768%
Marquette University,Private Research Universities,46100,83100,109.75510%,113.68472%
Marshall University,State Schools,35300,62100,84.04241%,84.95573%
Maryland Institute College of Art,Arts & Design,37800,62500,89.99442%,85.50295%
Marymount Manhattan College,Liberal Arts,43800,62500,104.27925%,85.50295%
Marymount University,Private,40600,72400,96.66068%,99.04661%
Maryville University,Private,41600,70700,99.04148%,96.72093%
Marywood University,Private,34800,58300,82.85201%,79.75715%
Massachusetts College of Art and Design,State Schools,36800,72800,87.61362%,99.59383%
Massachusetts College of Liberal Arts (MCLA),State Schools,32800,60300,78.09040%,82.49324%
Massachusetts Institute of Technology (MIT),"Private Research Universities, Engineering",68300,119000,162.60897%,162.79761%
McDaniel College,Liberal Arts,39700,76000,94.51795%,103.97158%
McKendree University,Private,38100,64700,90.70866%,88.51265%
McNeese State University,State Schools,40800,76600,97.13684%,104.79241%
Medaille College,Private,30900,52200,73.56687%,71.41206%
Mercer University,Private,40200,62600,95.70835%,85.63975%
Mercy College,Private,42300,67000,100.70805%,91.65916%
Mercyhurst College,Private,37900,67900,90.23250%,92.89040%
Meredith College,Liberal Arts,35100,54200,83.56625%,74.14815%
Merrimack College,Liberal Arts,43300,89100,103.08885%,121.89300%
Mesa State College,State Schools,36100,64900,85.94706%,88.78626%
Messiah College,Private,40900,59300,97.37492%,81.12519%
Methodist University,Private,40200,65800,95.70835%,90.01750%
Metropolitan State College of Denver (MSCD),State Schools,40700,72100,96.89876%,98.63620%
Metropolitan State University,State Schools,42800,65400,101.89845%,89.47028%
Miami University,State Schools,45800,91400,109.04086%,125.03951%
Michigan State University (MSU),State Schools,44200,81000,105.23157%,110.81182%
Michigan Technological University,"State Schools, Engineering",52800,90100,125.70650%,123.26105%
Midamerica Nazarene University,Private,39900,57500,94.99411%,78.66271%
Middle Tennessee State University (MTSU),State Schools,39600,64200,94.27987%,87.82863%
Middlebury College,Liberal Arts,45500,93600,108.32662%,128.04921%
Midwestern State University (MSU),State Schools,41800,67100,99.51764%,91.79596%
Millersville University of Pennsylvania,State Schools,39200,64900,93.32755%,88.78626%
Millikin University,Liberal Arts,40500,67400,96.42260%,92.20638%
Mills College,Private,41400,66600,98.56532%,91.11194%
Millsaps College,Liberal Arts,42900,83900,102.13653%,114.77915%
Milwaukee School of Engineering,"Private, Engineering",54200,88500,129.03962%,121.07217%
Minnesota State University - Mankato,Private,42200,72000,100.46996%,98.49939%
Minot State University,State Schools,37100,49800,88.32786%,68.12875%
Misericordia University,Private,39500,60500,94.04179%,82.76685%
Mississippi College,Private,35000,61800,83.32817%,84.54531%
Mississippi State University (MSU),State Schools,43000,76700,102.37461%,104.92921%
Mississippi University for Women,State Schools,35900,55500,85.47089%,75.92662%
Missouri Southern State University (MSSU),State Schools,39300,57500,93.56563%,78.66271%
Missouri State University (MSU),State Schools,35400,67100,84.28049%,91.79596%
Missouri University of Science and Technology (MST),"State Schools, Engineering",56700,93200,134.99164%,127.50199%
Missouri Western State University,State Schools,37900,62300,90.23250%,85.22934%
Molloy College,Private,62300,78900,148.32414%,107.93892%
Monmouth College,Liberal Arts,38000,64400,90.47058%,88.10224%
Monmouth University,Private,42300,81900,100.70805%,112.04306%
Montana State University - Billings,State Schools,34200,59200,81.42353%,80.98839%
Montana State University - Bozeman,State Schools,45400,73000,108.08854%,99.86744%
Montana Tech of The University of Montana,"State Schools, Engineering",50700,82000,120.70681%,112.17986%
Montclair State University,State Schools,43300,78000,103.08885%,106.70768%
Moravian College and Moravian Theological Seminary,Liberal Arts,40500,69400,96.42260%,94.94247%
Morehead State University,State Schools,36300,57500,86.42322%,78.66271%
Morehouse College,Liberal Arts,43000,74200,102.37461%,101.50910%
Morgan State University,State Schools,41400,59900,98.56532%,81.94602%
Morningside College,Private,36300,64800,86.42322%,88.64945%
Mount Holyoke College,Liberal Arts,41400,85800,98.56532%,117.37844%
"Mount Mary College, Wisconsin",Private,45400,61100,108.08854%,83.58768%
Mount Mercy College,Private,39600,55100,94.27987%,75.37940%
Mount Olive College,Private,34000,51200,80.94736%,70.04401%
Mount St. Mary's College,Private,46100,75800,109.75510%,103.69797%
Mount Union College,Liberal Arts,36600,72400,87.13746%,99.04661%
Mount Vernon Nazarene University (MVNU),Private,36200,58300,86.18514%,79.75715%
Mountain State University,Private,39400,60600,93.80371%,82.90366%
Muhlenberg College,Liberal Arts,43900,85000,104.51733%,116.28401%
Murray State University,State Schools,38300,59000,91.18483%,80.71478%
National American University,"Private for-profit, Private",39100,60600,93.08947%,82.90366%
National Louis University,Private,43300,67100,103.08885%,91.79596%
National University,Private,49800,78000,118.56408%,106.70768%
Nazareth College of Rochester,Private,36200,52400,86.18514%,71.68567%
Nebraska Wesleyan University (NWU),Liberal Arts,39400,62400,93.80371%,85.36614%
Neumann University,Private,43700,64400,104.04117%,88.10224%
New Jersey City University,State Schools,43000,63200,102.37461%,86.46058%
New Jersey Institute of Technology (NJIT),"State Schools, Engineering",53200,101000,126.65882%,138.17276%
New Mexico Institute of Mining and Technology (New Mexico Tech),"State Schools, Engineering",52800,102000,125.70650%,139.54081%
New Mexico State University,State Schools,44900,76700,106.89814%,104.92921%
New York Institute of Technology (NYIT),Private,47100,83400,112.13591%,114.09513%
New York University (NYU),Private Research Universities,48200,88800,114.75479%,121.48259%
Niagara University,Private,36600,63700,87.13746%,87.14460%
Nicholls State University,State Schools,38400,63600,91.42291%,87.00780%
Nichols College,Private,41700,73500,99.27956%,100.55146%
Norfolk State University,State Schools,37000,61000,88.08978%,83.45087%
North Carolina A&T State University,State Schools,47700,65100,113.56439%,89.05987%
North Carolina Central University,State Schools,37000,62000,88.08978%,84.81892%
North Carolina State University (NCSU),State Schools,47600,83500,113.32631%,114.23194%
North Carolina Wesleyan College (NCWC),Private,36500,58600,86.89938%,80.16756%
North Central College,Private,39400,78100,93.80371%,106.84448%
North Central University,Private,31900,59900,75.94767%,81.94602%
North Dakota State University (NDSU),State Schools,44500,82200,105.94582%,112.45347%
North Park University,Private,41500,63000,98.80340%,86.18697%
Northeastern Illinois University,State Schools,39300,69900,93.56563%,95.62649%
Northeastern State University,State Schools,35400,50400,84.28049%,68.94958%
Northeastern University,Private Research Universities,49600,89200,118.08792%,122.02980%
Northern Arizona University (NAU),State Schools,41100,72400,97.85108%,99.04661%
Northern Illinois University (NIU),State Schools,42900,77800,102.13653%,106.43407%
Northern Kentucky University (NKU),State Schools,39000,65500,92.85139%,89.60709%
Northern Michigan University,State Schools,37000,62800,88.08978%,85.91336%
Northern State University,State Schools,33800,58000,80.47120%,79.34673%
Northwest Missouri State University,State Schools,38300,64100,91.18483%,87.69182%
Northwestern College (Minnesota),Private,40900,59700,97.37492%,81.67241%
Northwestern State University,State Schools,37800,61800,89.99442%,84.54531%
Northwestern University,Private Research Universities,49000,91900,116.65944%,125.72353%
"Northwood University, Michigan",Private,37400,65600,89.04210%,89.74389%
Norwich University,Private,51900,88400,123.56377%,120.93537%
Nova Southeastern University,Private Research Universities,43100,69400,102.61269%,94.94247%
Nyack College,Private,35000,68700,83.32817%,93.98484%
Oakland University,State Schools,40800,75100,97.13684%,102.74034%
Oberlin College,Liberal Arts,40500,80800,96.42260%,110.53821%
Occidental College,Liberal Arts,42300,90000,100.70805%,123.12424%
Ohio Dominican University,Private,39000,54000,92.85139%,73.87455%
Ohio Northern University (ONU),Private,45300,88100,107.85046%,120.52495%
Ohio State University (OSU),State Schools,43800,79400,104.27925%,108.62294%
Ohio University,"State Schools, Party",42900,69200,102.13653%,94.66886%
Ohio Wesleyan University (OWU),Liberal Arts,38300,90100,91.18483%,123.26105%
Oklahoma Baptist University (OBU),Private,39700,60000,94.51795%,82.08283%
Oklahoma Christian University,Private,35800,53000,85.23281%,72.50650%
Oklahoma City University,Private,39000,58200,92.85139%,79.62034%
Oklahoma State University,State Schools,42800,78400,101.89845%,107.25489%
Old Dominion University,State Schools,42500,72300,101.18421%,98.90981%
Olivet Nazarene University,Private,35400,62500,84.28049%,85.50295%
Oral Roberts University (ORU),Private Research Universities,36900,56300,87.85170%,77.02105%
Oregon Institute of Technology (OIT),State Schools,54900,79000,130.70619%,108.07572%
Oregon State University (OSU),State Schools,44200,89800,105.23157%,122.85063%
Otterbein College,Private,40700,69100,96.89876%,94.53206%
Our Lady of the Lake University (OLLU),Private,37300,56400,88.80402%,77.15786%
Pace University,Private Research Universities,50000,89000,119.04024%,121.75619%
Pacific Lutheran University,Private,44300,74900,105.46965%,102.46673%
Pacific Union College (PUC),Private,44600,79300,106.18390%,108.48614%
Pacific University,Private Research Universities,50500,93200,120.23064%,127.50199%
Park University,Private,44700,66200,106.42198%,90.56472%
Peirce College,Private,40000,55900,95.23219%,76.47383%
Penn State - Erie / The Behrend College,State Schools,49700,68600,118.32600%,93.84803%
Penn State - Harrisburg,State Schools,43900,81100,104.51733%,110.94862%
Pennsylvania College Of Technology,"State Schools, Engineering",41900,64700,99.75572%,88.51265%
Pennsylvania State University (PSU),"State Schools, Party",48600,83900,115.70712%,114.77915%
Pepperdine University,Private Research Universities,46700,86600,111.18359%,118.47288%
Philadelphia University,Private,41600,72500,99.04148%,99.18342%
Pittsburg State University,State Schools,38200,56400,90.94675%,77.15786%
Pitzer College,Liberal Arts,39500,67600,94.04179%,92.47999%
Plymouth State University,State Schools,39400,70800,93.80371%,96.85774%
Point Loma Nazarene College,Private,40800,78500,97.13684%,107.39170%
Point Park University,Private,36700,71400,87.37554%,97.67857%
Polytechnic Institute of New York University (NYU-Poly),"Private Research Universities, Engineering",62100,111000,147.84798%,151.85323%
Pomona College,Liberal Arts,44600,98100,106.18390%,134.20542%
Portland State University (PSU),State Schools,40800,71000,97.13684%,97.13135%
Post University,"Private for-profit, Private",40500,69100,96.42260%,94.53206%
Prairie View A & M University,State Schools,46100,62000,109.75510%,84.81892%
Pratt Institute,Arts & Design,44700,96000,106.42198%,131.33252%
Princeton University,"Private Research Universities, Ivy League",58900,123000,140.22941%,168.26980%
Providence College,Private,48700,84900,115.94520%,116.14720%
Purdue University,State Schools,50700,88000,120.70681%,120.38815%
Queens College,State Schools,42500,77700,101.18421%,106.29726%
Queens University,Private,40400,76700,96.18452%,104.92921%
Quinnipiac University,Private,45900,76000,109.27894%,103.97158%
Radford University,State Schools,40200,67100,95.70835%,91.79596%
Ramapo College of New Jersey,State Schools,42400,72300,100.94613%,98.90981%
Randolph-Macon College,Liberal Arts,41400,80800,98.56532%,110.53821%
Reed College,Liberal Arts,38400,86100,91.42291%,117.78886%
Regis University,Private,50600,71600,120.46873%,97.95217%
Rensselaer Polytechnic Institute (RPI),"Private Research Universities, Engineering",60600,109000,144.27677%,149.11714%
Rhode Island College,State Schools,38900,59600,92.61331%,81.53561%
Rhode Island School of Design (RISD),Arts & Design,42600,81500,101.42229%,111.49584%
Rhodes College,Liberal Arts,41200,92700,98.08916%,126.81797%
Rice University,Private Research Universities,53600,100000,127.61114%,136.80471%
Rider University,Private,42600,86700,101.42229%,118.60969%
Ripon College,Liberal Arts,39000,72500,92.85139%,99.18342%
Rivier College,Private,47800,67500,113.80247%,92.34318%
Roanoke College,Liberal Arts,39500,65100,94.04179%,89.05987%
Robert Morris University (RMU) - Pennsylvania,Private,40300,72200,95.94644%,98.77300%
Roberts Wesleyan College,Private,38900,65800,92.61331%,90.01750%
Rochester Institute of Technology (RIT),"Private, Engineering",52400,81600,124.75417%,111.63265%
Rockhurst University,Private,44900,66000,106.89814%,90.29111%
Roger Williams University,Private,42300,74900,100.70805%,102.46673%
Rollins College,Private,38100,64900,90.70866%,88.78626%
Roosevelt University,Private,40800,69900,97.13684%,95.62649%
Rose-Hulman Institute of Technology (RHIT),"Private, Engineering",59400,97300,141.41981%,133.11099%
Rowan University,State Schools,42000,69000,99.99380%,94.39525%
Rutgers University,State Schools,49600,92900,118.08792%,127.09158%
Rutgers University in Newark,State Schools,44700,78400,106.42198%,107.25489%
Sacred Heart University,Private,46500,68400,110.70743%,93.57442%
Saginaw Valley State University (SVSU),State Schools,37700,63200,89.75634%,86.46058%
Saint Anselm College,Liberal Arts,45700,87000,108.80278%,119.02010%
Saint Francis University,Private,44700,97600,106.42198%,133.52140%
"Saint Joseph's University (SJU), Philadelphia",Private,47200,89100,112.37399%,121.89300%
Saint Leo University,Private,39200,62900,93.32755%,86.05016%
Saint Louis University (SLU),Private Research Universities,45300,77500,107.85046%,106.02365%
Saint Mary's College of California,Private,48800,91600,116.18328%,125.31312%
Saint Mary's College of Maryland,State Schools,41100,83500,97.85108%,114.23194%
Saint Mary's University of Minnesota,Private Research Universities,45900,66900,109.27894%,91.52235%
Salem State College,State Schools,39200,65500,93.32755%,89.60709%
Salisbury University,State Schools,40900,71900,97.37492%,98.36259%
Salve Regina University,Private,44900,70100,106.89814%,95.90010%
Sam Houston State University,State Schools,40600,67200,96.66068%,91.93277%
Samford University,Private Research Universities,35000,80400,83.32817%,109.99099%
San Diego State University (SDSU),State Schools,45200,82300,107.61238%,112.59028%
San Francisco State University (SFSU),State Schools,46400,82600,110.46935%,113.00069%
San Jose State University (SJSU),State Schools,51700,92900,123.08761%,127.09158%
Santa Clara University,Private,54400,104000,129.51578%,142.27690%
Sarah Lawrence College,Liberal Arts,38600,72100,91.89907%,98.63620%
Savannah College of Art and Design (SCAD),Arts & Design,37100,57400,88.32786%,78.52591%
School of the Art Institute of Chicago,Arts & Design,36700,55300,87.37554%,75.65301%
"School of Visual Arts (SVA), NYC","Private for-profit, Arts & Design",42300,76300,100.70805%,104.38200%
Seattle Pacific University (SPU),Private,39800,75000,94.75603%,102.60353%
Seattle University,Private,46500,82100,110.70743%,112.31667%
Seton Hall University,Private Research Universities,46800,83800,111.42167%,114.64235%
Seton Hill University,Private,36900,52700,87.85170%,72.09608%
Shaw University,Private,34500,47300,82.13777%,64.70863%
Shepherd University,State Schools,38700,64100,92.13715%,87.69182%
Shippensburg University of Pennsylvania,State Schools,38900,72000,92.61331%,98.49939%
Shorter College,Private,39900,65900,94.99411%,90.15431%
Siena College,Liberal Arts,44100,87700,104.99349%,119.97773%
Siena Heights University,Private,38100,67500,90.70866%,92.34318%
Simmons College,Private,41800,62700,99.51764%,85.77656%
Simpson College,Liberal Arts,37100,69000,88.32786%,94.39525%
Skidmore College,Liberal Arts,39500,74000,94.04179%,101.23549%
Slippery Rock University,State Schools,37100,62700,88.32786%,85.77656%
Smith College,Liberal Arts,42100,77300,100.23188%,105.75004%
Sonoma State University,State Schools,45100,79000,107.37430%,108.07572%
South Dakota School of Mines & Technology,"State Schools, Engineering",55700,89800,132.61083%,122.85063%
South Dakota State University (SDSU),State Schools,42000,68400,99.99380%,93.57442%
South University,"Private for-profit, Private",41800,58100,99.51764%,79.48354%
Southeast Missouri State University,State Schools,34600,65000,82.37585%,88.92306%
Southeastern Louisiana University,State Schools,38400,59000,91.42291%,80.71478%
Southeastern University,Private,34000,59600,80.94736%,81.53561%
Southern Connecticut State University,State Schools,40400,62100,96.18452%,84.95573%
Southern Illinois University (SIU) - Carbondale,State Schools,43100,73100,102.61269%,100.00425%
Southern Illinois University (SIU) - Edwardsville,State Schools,42000,67800,99.99380%,92.75360%
Southern Methodist University (SMU),Private Research Universities,47500,88900,113.08823%,121.61939%
Southern Nazarene University,Private,39300,60900,93.56563%,83.31407%
Southern New Hampshire University,Private,39400,70600,93.80371%,96.58413%
Southern Oregon University,State Schools,37900,71100,90.23250%,97.26815%
Southern Polytechnic State University,"State Schools, Engineering",48400,84600,115.23095%,115.73679%
Southern University and A&M College,State Schools,42100,65200,100.23188%,89.19667%
Southern Wesleyan University (SWU),Private,35000,56800,83.32817%,77.70508%
Southwest Baptist University,Private,36200,58400,86.18514%,79.89395%
Southwestern College,Private,41600,60300,99.04148%,82.49324%
Southwestern Oklahoma State University,State Schools,36300,73200,86.42322%,100.14105%
Southwestern University,Liberal Arts,42600,75300,101.42229%,103.01395%
Spalding University,Private Research Universities,42100,53900,100.23188%,73.73774%
Spelman College,Liberal Arts,38800,67000,92.37523%,91.65916%
Spring Arbor University,Private,37200,62000,88.56594%,84.81892%
Springfield College,Private,35900,54900,85.47089%,75.10579%
St. Ambrose University,Private,32800,60800,78.09040%,83.17727%
"St. Catherine University (St. Paul, MN)",Private,41400,70100,98.56532%,95.90010%
St. Cloud State University,State Schools,40600,68500,96.66068%,93.71123%
St. Francis College,Private,45600,75800,108.56470%,103.69797%
St. John Fisher College (Rochester),Private,36800,75300,87.61362%,103.01395%
"St. John's University, New York",Private Research Universities,46500,95100,110.70743%,130.10128%
"St. Joseph's College (SJC), New York - Long Island",Private,43500,70700,103.56501%,96.72093%
St. Lawrence University,Liberal Arts,41600,85000,99.04148%,116.28401%
"St. Mary's College, Indiana",Liberal Arts,39900,59400,94.99411%,81.26200%
"St. Mary's University, Texas",Private,38800,79100,92.37523%,108.21253%
St. Olaf College,Liberal Arts,41400,80400,98.56532%,109.99099%
St. Thomas Aquinas College,Private,36700,92600,87.37554%,126.68116%
Stanford University,Private Research Universities,60200,119000,143.32445%,162.79761%
State University of New York (SUNY) at Fredonia,State Schools,35500,58400,84.51857%,79.89395%
State University of New York (SUNY) at Geneseo,State Schools,41000,70500,97.61300%,96.44732%
State University of New York (SUNY) at New Paltz,State Schools,39500,63800,94.04179%,87.28141%
State University of New York (SUNY) at Oneonta,State Schools,37900,73700,90.23250%,100.82507%
State University of New York (SUNY) at Oswego,State Schools,40300,73000,95.94644%,99.86744%
State University of New York (SUNY) at Plattsburgh,State Schools,35800,68300,85.23281%,93.43762%
State University of New York (SUNY) at Potsdam,State Schools,36100,69300,85.94706%,94.80567%
State University of New York (SUNY) Institute of Technology (SUNYIT),State Schools,46100,64300,109.75510%,87.96543%
Stephen F. Austin State University (SFA),State Schools,39500,70000,94.04179%,95.76330%
Stetson University,Private,39900,85200,94.99411%,116.55762%
Stevens Institute of Technology,"Private Research Universities, Engineering",58700,100000,139.75324%,136.80471%
Stevenson University,Private,40800,79100,97.13684%,108.21253%
Stonehill College,Liberal Arts,43300,83400,103.08885%,114.09513%
Stony Brook University,State Schools,49200,90800,117.13560%,124.21868%
Strayer University,"Private for-profit, Private",44500,66500,105.94582%,90.97513%
Suffolk University,Private,41000,73700,97.61300%,100.82507%
Susquehanna University,Liberal Arts,43500,73500,103.56501%,100.55146%
Swarthmore College,Liberal Arts,52400,106000,124.75417%,145.01300%
Syracuse University,Private Research Universities,45100,84200,107.37430%,115.18957%
Tarleton State University (TSU),State Schools,38700,63300,92.13715%,86.59738%
Taylor University,Private,37400,65100,89.04210%,89.05987%
Temple University,State Schools,41200,78800,98.08916%,107.80211%
Tennessee State University,State Schools,41900,63000,99.75572%,86.18697%
Tennessee Technological University (TTU),State Schools,44500,80300,105.94582%,109.85418%
Texas A&M University,State Schools,50900,93300,121.18297%,127.63880%
Texas A&M University - Commerce,State Schools,37300,65500,88.80402%,89.60709%
Texas A&M University - Corpus Christi,State Schools,38700,64700,92.13715%,88.51265%
Texas A&M University - Kingsville,State Schools,41800,74500,99.51764%,101.91951%
Texas Christian University (TCU),Private Research Universities,45200,78200,107.61238%,106.98129%
Texas Lutheran University,Liberal Arts,37800,71200,89.99442%,97.40496%
Texas Southern University,State Schools,37700,68600,89.75634%,93.84803%
Texas State University - San Marcos,State Schools,40600,68800,96.66068%,94.12164%
Texas Tech University,State Schools,46700,81600,111.18359%,111.63265%
Texas Wesleyan University,Private,39400,67900,93.80371%,92.89040%
Texas Woman's University,State Schools,46900,68300,111.65975%,93.43762%
The College of New Jersey (TCNJ),State Schools,43000,76400,102.37461%,104.51880%
The College of William and Mary,State Schools,46900,91700,111.65975%,125.44992%
The College of Wooster,Liberal Arts,37700,77400,89.75634%,105.88685%
The Richard Stockton College of New Jersey,State Schools,38800,73700,92.37523%,100.82507%
Thiel College,Liberal Arts,38200,62500,90.94675%,85.50295%
Thomas Aquinas College,Liberal Arts,35900,63800,85.47089%,87.28141%
Thomas Edison State College,State Schools,46500,77300,110.70743%,105.75004%
Thomas Jefferson University,Private,55700,76700,132.61083%,104.92921%
Thomas More College,Private,40000,73600,95.23219%,100.68827%
Touro College (New York),Private,52900,78500,125.94458%,107.39170%
Towson University,State Schools,41400,73400,98.56532%,100.41466%
Transylvania University,Liberal Arts,38600,78000,91.89907%,106.70768%
Trevecca Nazarene University,Private Research Universities,38700,59300,92.13715%,81.12519%
Trine University,Private,44900,84100,106.89814%,115.05276%
Trinity Christian College,Private,38900,53200,92.61331%,72.78011%
Trinity College,Liberal Arts,46500,90600,110.70743%,123.94507%
Trinity University,Private,45300,78200,107.85046%,106.98129%
Troy University,State Schools,38900,64500,92.61331%,88.23904%
Truman State University,State Schools,38200,67800,90.94675%,92.75360%
Tufts University,Private Research Universities,49900,96400,118.80216%,131.87974%
TUI University,"Private for-profit, Private",50400,65800,119.99256%,90.01750%
Tulane University,"Private Research Universities, Party",45300,92200,107.85046%,126.13395%
Tusculum College,Private,35000,51700,83.32817%,70.72804%
Tuskegee University,Private,39200,74700,93.32755%,102.19312%
"Union College, New York","Liberal Arts, Party",46400,99900,110.46935%,136.66791%
"Union University, Tennessee",Private,39200,65200,93.32755%,89.19667%
University at Albany,State Schools,43300,83300,103.08885%,113.95833%
University at Buffalo (UB),State Schools,43400,81700,103.32693%,111.76945%
University of Akron,State Schools,41500,68200,98.80340%,93.30081%
University of Alabama at Birmingham (UAB),State Schools,40900,66400,97.37492%,90.83833%
University of Alabama at Huntsville (UAH),State Schools,45400,82400,108.08854%,112.72708%
"University of Alabama, Tuscaloosa",State Schools,41600,80100,99.04148%,109.58058%
University of Alaska Fairbanks (UAF),State Schools,46500,73700,110.70743%,100.82507%
"University of Alaska, Anchorage",State Schools,49400,66200,117.61176%,90.56472%
University of Arizona,State Schools,46300,84700,110.23126%,115.87359%
University of Arkansas,State Schools,41700,76900,99.27956%,105.20282%
University of Arkansas - Little Rock (UALR),State Schools,34900,59700,83.09009%,81.67241%
University of Baltimore,State Schools,47200,67200,112.37399%,91.93277%
University of Bridgeport (UB),Private Research Universities,42800,79900,101.89845%,109.30697%
University of California at Los Angeles (UCLA),State Schools,50700,91600,120.70681%,125.31312%
"University of California, Berkeley",State Schools,53100,109000,126.42074%,149.11714%
"University of California, Davis (UC Davis)",State Schools,49000,90700,116.65944%,124.08187%
"University of California, Irvine (UCI)",State Schools,45900,92500,109.27894%,126.54436%
"University of California, Riverside (UCR)",State Schools,42700,88500,101.66037%,121.07217%
"University of California, San Diego (UCSD)",State Schools,48700,99700,115.94520%,136.39430%
"University of California, Santa Barbara (UCSB)","State Schools, Party",47600,96400,113.32631%,131.87974%
"University of California, Santa Cruz (UCSC)",State Schools,43100,85900,102.61269%,117.51525%
University Of Central Arkansas,State Schools,37000,58500,88.08978%,80.03076%
University of Central Florida (UCF),State Schools,40800,70200,97.13684%,96.03691%
University of Central Missouri,State Schools,38600,61800,91.89907%,84.54531%
University of Central Oklahoma (UCO),State Schools,34600,61000,82.37585%,83.45087%
University Of Chicago,Private Research Universities,50000,100000,119.04024%,136.80471%
University of Cincinnati (UC),State Schools,44800,78100,106.66006%,106.84448%
University of Colorado - Boulder (UCB),"State Schools, Party",46200,91600,109.99318%,125.31312%
University of Colorado - Colorado Springs (UCCS),State Schools,41500,77200,98.80340%,105.61324%
University of Colorado - Denver,State Schools,44000,84500,104.75541%,115.59998%
University of Connecticut (UConn),State Schools,49500,87700,117.84984%,119.97773%
University of Dayton,Private Research Universities,45300,88200,107.85046%,120.66176%
University of Delaware,State Schools,47300,80800,112.61207%,110.53821%
University of Denver,Private Research Universities,42600,83700,101.42229%,114.50554%
University of Detroit Mercy (UDM),Private,50400,71600,119.99256%,97.95217%
University of Dubuque,Private,37000,57700,88.08978%,78.93632%
University of Evansville,Private,42000,73500,99.99380%,100.55146%
University of Findlay,Private,43000,79600,102.37461%,108.89655%
University of Florida (UF),"State Schools, Party",45200,84300,107.61238%,115.32637%
University of Georgia (UGA),"State Schools, Party",42100,78400,100.23188%,107.25489%
University of Hartford,Private Research Universities,41300,82300,98.32724%,112.59028%
University of Hawaii,State Schools,40300,73600,95.94644%,100.68827%
University of Houston (UH),State Schools,45100,79600,107.37430%,108.89655%
University of Idaho,State Schools,44200,77000,105.23157%,105.33963%
University of Illinois at Chicago,State Schools,46100,82000,109.75510%,112.17986%
University of Illinois at Springfield,State Schools,37900,54700,90.23250%,74.83218%
University of Illinois at Urbana-Champaign (UIUC),State Schools,51500,96500,122.61145%,132.01655%
University of Indianapolis,Private,37400,62800,89.04210%,85.91336%
University of Iowa (UI),"State Schools, Party",42200,80300,100.46996%,109.85418%
University of Kansas,State Schools,42800,79300,101.89845%,108.48614%
University of Kentucky (UK),State Schools,40600,78000,96.66068%,106.70768%
University of La Verne,Private Research Universities,42400,77800,100.94613%,106.43407%
University of Louisiana (UL) at Lafayette,State Schools,39600,71500,94.27987%,97.81537%
University of Louisville,State Schools,40400,70600,96.18452%,96.58413%
"University Of Maine, Orono",State Schools,41400,76700,98.56532%,104.92921%
University of Mary,Private,40300,53100,95.94644%,72.64330%
University of Mary Hardin-Baylor (UMHB),Private,40200,55700,95.70835%,76.20023%
University of Maryland (UMD),State Schools,50600,88400,120.46873%,120.93537%
University of Maryland Baltimore County (UMBC),State Schools,50000,80000,119.04024%,109.44377%
University of Maryland University College (UMUC),State Schools,49800,82100,118.56408%,112.31667%
University of Massachusetts (UMass) - Amherst,State Schools,47000,78900,111.89783%,107.93892%
University of Massachusetts (UMass) - Boston,State Schools,46300,73300,110.23126%,100.27785%
University of Massachusetts (UMass) - Dartmouth,State Schools,44800,76800,106.66006%,105.06602%
University of Massachusetts (UMass) - Lowell,State Schools,47600,91100,113.32631%,124.62909%
University of Memphis (U of M),State Schools,40300,68300,95.94644%,93.43762%
University of Miami (UM),Private Research Universities,47400,79900,112.85015%,109.30697%
University of Michigan,State Schools,50600,90200,120.46873%,123.39785%
University of Minnesota,State Schools,44800,83000,106.66006%,113.54791%
University of Minnesota-Duluth,State Schools,41900,72300,99.75572%,98.90981%
University of Mississippi,"State Schools, Party",41200,76500,98.08916%,104.65561%
University of Missouri - Columbia,State Schools,40900,78400,97.37492%,107.25489%
University of Missouri - Kansas City (UMKC),State Schools,40700,69500,96.89876%,95.07928%
University of Missouri - St. Louis (UMSL),State Schools,40100,72700,95.47027%,99.45703%
University of Montana,State Schools,37400,65700,89.04210%,89.88070%
University of Montevallo,State Schools,33200,52200,79.04272%,71.41206%
University of Nebraska - Kearney,State Schools,37200,61700,88.56594%,84.40851%
University of Nebraska at Omaha,Liberal Arts,40900,75400,97.37492%,103.15075%
University of Nebraska-Lincoln (UNL),State Schools,40900,70000,97.37492%,95.76330%
"University of Nevada, Las Vegas (UNLV)",State Schools,43800,71500,104.27925%,97.81537%
"University of Nevada, Reno (UNR)",State Schools,43800,76400,104.27925%,104.51880%
University of New England (UNE),Private,40200,69400,95.70835%,94.94247%
University of New Hampshire (UNH),State Schools,44900,76200,106.89814%,104.24519%
University of New Haven,Private,43700,81000,104.04117%,110.81182%
University of New Mexico (UNM),State Schools,41100,74200,97.85108%,101.50910%
University of New Orleans (UNO),State Schools,40600,72900,96.66068%,99.73064%
University of North Alabama (UNA),State Schools,39000,58500,92.85139%,80.03076%
University of North Carolina at Asheville (UNCA),State Schools,34500,57800,82.13777%,79.07312%
University of North Carolina at Chapel Hill (UNCH),State Schools,42700,82900,101.66037%,113.41111%
University of North Carolina at Charlotte (UNCC),State Schools,44500,74400,105.94582%,101.78271%
University of North Carolina at Greensboro (UNCG),State Schools,34500,61700,82.13777%,84.40851%
University of North Carolina at Pembroke (Uncp),State Schools,34700,51200,82.61393%,70.04401%
University of North Carolina at Wilmington (UNCW),State Schools,36500,56700,86.89938%,77.56827%
University of North Dakota,"State Schools, Party",42900,73900,102.13653%,101.09868%
University of North Florida (UNF),State Schools,38900,60300,92.61331%,82.49324%
University of North Texas (UNT),State Schools,40200,71500,95.70835%,97.81537%
University of Northern Colorado,State Schools,41000,70000,97.61300%,95.76330%
University of Northern Iowa,State Schools,38100,63700,90.70866%,87.14460%
University of Notre Dame,Private Research Universities,54100,112000,128.80154%,153.22128%
University of Oklahoma,State Schools,44000,77200,104.75541%,105.61324%
University of Oklahoma Health Sciences Center,State Schools,48100,75200,114.51671%,102.87714%
University of Oregon,State Schools,40600,76200,96.66068%,104.24519%
University of Pennsylvania,"Private Research Universities, Ivy League",59600,111000,141.89597%,151.85323%
University of Phoenix (UOP),"Private for-profit, Private",43400,63800,103.32693%,87.28141%
University of Pittsburgh,State Schools,44200,79300,105.23157%,108.48614%
University of Portland,Private,48900,82700,116.42136%,113.13750%
University of Puget Sound,Liberal Arts,44500,82800,105.94582%,113.27430%
University of Redlands,Private,46600,87300,110.94551%,119.43051%
University of Rhode Island (URI),State Schools,45200,86200,107.61238%,117.92566%
University of Richmond,Liberal Arts,48500,86300,115.46904%,118.06247%
University of Rochester,Private Research Universities,48000,84500,114.27863%,115.59998%
University of San Diego (USD),Private Research Universities,44500,83500,105.94582%,114.23194%
University of San Francisco (USF),Private Research Universities,51500,87100,122.61145%,119.15691%
University of Scranton,Private,45900,91800,109.27894%,125.58673%
University of South Alabama,State Schools,41200,66500,98.08916%,90.97513%
University of South Carolina,State Schools,39400,69800,93.80371%,95.48969%
University of South Dakota,State Schools,35900,71500,85.47089%,97.81537%
University of South Florida (USF),State Schools,40300,70100,95.94644%,95.90010%
University of Southern California (USC),Private Research Universities,50300,99400,119.75448%,135.98388%
University of Southern Indiana,State Schools,36200,56000,86.18514%,76.61064%
University of Southern Maine (USM),State Schools,40500,61800,96.42260%,84.54531%
University of Southern Mississippi (USM),State Schools,39000,62600,92.85139%,85.63975%
University Of St. Francis,Private,45900,70500,109.27894%,96.44732%
"University of St. Thomas, Minnesota",Private Research Universities,45000,77400,107.13622%,105.88685%
University of Tampa,Private,36200,73800,86.18514%,100.96188%
University of Tennessee,"State Schools, Party",42400,74400,100.94613%,101.78271%
University of Tennessee at Chattanooga (UTC),State Schools,38900,64800,92.61331%,88.64945%
University of Texas (UT) - Austin,"State Schools, Party",49100,87500,116.89752%,119.70412%
University of Texas at Arlington (UTA),State Schools,44300,78600,105.46965%,107.52850%
University of Texas at Dallas,State Schools,44900,80300,106.89814%,109.85418%
University of Texas at El Paso (UTEP),State Schools,43100,68900,102.61269%,94.25845%
University of Texas at San Antonio (UTSA),State Schools,40700,71700,96.89876%,98.08898%
University of Texas at Tyler,State Schools,40900,60700,97.37492%,83.04046%
"University of the Arts (UArts), Philadelphia",Arts & Design,37700,62300,89.75634%,85.22934%
University of the Cumberlands,Private,33000,44000,78.56656%,60.19407%
University of the District of Columbia,State Schools,44500,65000,105.94582%,88.92306%
University of The Incarnate Word,Private,37000,60400,88.08978%,82.63005%
"University of the Pacific, Stockton, CA",Private Research Universities,51600,100000,122.84953%,136.80471%
University of The Sciences in Philadelphia (USP),Private,49700,113000,118.32600%,154.58933%
University of Toledo,State Schools,42800,75600,101.89845%,103.42436%
University of Tulsa,Private Research Universities,44000,82500,104.75541%,112.86389%
University of Utah,State Schools,44100,81700,104.99349%,111.76945%
University of Vermont (UVM),State Schools,44700,83800,106.42198%,114.64235%
University of Virginia (UVA),State Schools,50500,93900,120.23064%,128.45963%
University of Washington (UW),State Schools,47100,86500,112.13591%,118.33608%
University of West Florida (UWF),State Schools,35200,70900,83.80433%,96.99454%
University of Wisconsin (UW) - Eau Claire,State Schools,42200,69300,100.46996%,94.80567%
University of Wisconsin (UW) - Green Bay,State Schools,36400,58300,86.66130%,79.75715%
University of Wisconsin (UW) - La Crosse,State Schools,40100,71800,95.47027%,98.22578%
University of Wisconsin (UW) - Madison,"State Schools, Party",47900,87400,114.04055%,119.56732%
University of Wisconsin (UW) - Milwaukee,State Schools,41700,71700,99.27956%,98.08898%
University of Wisconsin (UW) - Oshkosh,State Schools,38900,67800,92.61331%,92.75360%
University of Wisconsin (UW) - Parkside,State Schools,37900,69300,90.23250%,94.80567%
University of Wisconsin (UW) - Platteville,State Schools,44600,73200,106.18390%,100.14105%
University of Wisconsin (UW) - River Falls,State Schools,39500,64100,94.04179%,87.69182%
University of Wisconsin (UW) - Stevens Point,State Schools,36200,68200,86.18514%,93.30081%
University of Wisconsin (UW) - Stout,State Schools,41200,74800,98.08916%,102.32993%
University of Wisconsin (UW) - Whitewater,State Schools,41600,80600,99.04148%,110.26460%
University of Wyoming (UW),State Schools,42600,80100,101.42229%,109.58058%
Upper Iowa University,Private,35900,63700,85.47089%,87.14460%
Urbana University,Private,43600,56500,103.80309%,77.29466%
Ursinus College,Liberal Arts,40700,82600,96.89876%,113.00069%
Ursuline College,Private,38400,61700,91.42291%,84.40851%
Utah State University,State Schools,41800,77100,99.51764%,105.47643%
Utah Valley University,State Schools,43500,68200,103.56501%,93.30081%
Utica College,Private,39200,61000,93.32755%,83.45087%
Valdosta State University (VSU),State Schools,33800,62200,80.47120%,85.09253%
Valparaiso University,Private,44100,73800,104.99349%,100.96188%
Vanderbilt University,Private Research Universities,52000,104000,123.80185%,142.27690%
Vassar College,Liberal Arts,43000,83200,102.37461%,113.82152%
Villanova University,Private,54500,98300,129.75386%,134.47903%
Virginia Commonwealth University (VCU),State Schools,41200,69100,98.08916%,94.53206%
Virginia Polytechnic Institute and State University (Virginia Tech),State Schools,52400,94700,124.75417%,129.55406%
Virginia State University (VSU),State Schools,34900,65800,83.09009%,90.01750%
Virginia Wesleyan College (VWC),Liberal Arts,35900,54700,85.47089%,74.83218%
Viterbo University,Private,41300,61300,98.32724%,83.86129%
Wagner College,Private,51700,84700,123.08761%,115.87359%
Wake Forest University,Private Research Universities,46600,97500,110.94551%,133.38460%
Walla Walla University,Private,46200,78200,109.99318%,106.98129%
Walsh College of Accountancy and Business Administration,Private,42100,64400,100.23188%,88.10224%
Warner University,Private,42800,50100,101.89845%,68.53916%
Wartburg College,Liberal Arts,38200,52400,90.94675%,71.68567%
Washburn University,State Schools,37900,62600,90.23250%,85.63975%
Washington & Jefferson College,Liberal Arts,37100,60800,88.32786%,83.17727%
Washington and Lee University,Liberal Arts,50300,107000,119.75448%,146.38104%
Washington College (Maryland),Liberal Arts,41500,69600,98.80340%,95.21608%
Washington State University (WSU),State Schools,44500,82400,105.94582%,112.72708%
Washington University In St. Louis,Private Research Universities,52100,91400,124.03993%,125.03951%
Wayland Baptist University,Private,39500,64200,94.04179%,87.82863%
Wayne State College,State Schools,36800,59700,87.61362%,81.67241%
Wayne State University,State Schools,42900,74500,102.13653%,101.91951%
Waynesburg University,Private,42500,50200,101.18421%,68.67597%
Weber State University,State Schools,45200,76400,107.61238%,104.51880%
Webster University,Private,38900,61300,92.61331%,83.86129%
Wellesley College,Liberal Arts,41900,84600,99.75572%,115.73679%
Wentworth Institute of Technology,"Private, Engineering",52500,84600,124.99225%,115.73679%
"Wesleyan University (Middletown, Connecticut)",Liberal Arts,46700,96100,111.18359%,131.46933%
West Chester University,State Schools,41300,77400,98.32724%,105.88685%
West Liberty University,State Schools,39900,62600,94.99411%,85.63975%
West Texas A & M University,State Schools,37800,67500,89.99442%,92.34318%
West Virginia State College,State Schools,32900,55900,78.32848%,76.47383%
West Virginia University (WVU),"State Schools, Party",45000,79200,107.13622%,108.34933%
West Virginia University Institute of Technology (WVU Tech),State Schools,43000,83500,102.37461%,114.23194%
West Virginia Wesleyan College (WVWC),Liberal Arts,33900,67300,80.70928%,92.06957%
Western Carolina University,State Schools,36000,64300,85.70897%,87.96543%
Western Connecticut State University,State Schools,41300,76700,98.32724%,104.92921%
Western Governors University (WGU),Private,38500,72900,91.66099%,99.73064%
Western Illinois University,State Schools,37000,69600,88.08978%,95.21608%
Western Kentucky University,State Schools,36900,60200,87.85170%,82.35644%
Western Michigan University (WMU),State Schools,41600,74400,99.04148%,101.78271%
Western New England College,Private,42400,80300,100.94613%,109.85418%
Western State College of Colorado,State Schools,42000,68200,99.99380%,93.30081%
Western Washington University,State Schools,42500,78600,101.18421%,107.52850%
Westfield State College,State Schools,35900,61100,85.47089%,83.58768%
"Westminster College, Pennsylvania",Liberal Arts,36300,69600,86.42322%,95.21608%
"Westminster College, Utah",Private,42300,72000,100.70805%,98.49939%
Westmont College,Liberal Arts,37600,89900,89.51826%,122.98744%
"Wheaton College, Illinois",Liberal Arts,39900,82700,94.99411%,113.13750%
"Wheaton College, Massachusetts",Liberal Arts,42300,85500,100.70805%,116.96803%
Wheeling Jesuit University,Private,40500,67100,96.42260%,91.79596%
Whitman College,Liberal Arts,39700,82000,94.51795%,112.17986%
Whittier College,Liberal Arts,40800,70700,97.13684%,96.72093%
Whitworth College,Private,35900,63100,85.47089%,86.32377%
Wichita State University,State Schools,41400,67300,98.56532%,92.06957%
Widener University,Private Research Universities,52000,82500,123.80185%,112.86389%
Wilkes University,Private,45600,77500,108.56470%,106.02365%
Willamette University,Liberal Arts,37300,78200,88.80402%,106.98129%
William Carey University,Private,38100,55500,90.70866%,75.92662%
William Jewell College,Liberal Arts,47100,84000,112.13591%,114.91596%
William Paterson University,State Schools,43500,72500,103.56501%,99.18342%
William Penn University,Private,34100,46300,81.18545%,63.34058%
William Woods University,Private,34600,44400,82.37585%,60.74129%
Williams College,Liberal Arts,49900,106000,118.80216%,145.01300%
Wilmington College,Private,39000,64400,92.85139%,88.10224%
Wilmington College,Private Research Universities,38000,64200,90.47058%,87.82863%
Wingate University,Liberal Arts,33300,56300,79.28080%,77.02105%
Winona State University,State Schools,41700,62000,99.27956%,84.81892%
Winston-Salem State University,State Schools,42300,61100,100.70805%,83.58768%
Winthrop University,State Schools,34900,59000,83.09009%,80.71478%
Wittenberg University,Liberal Arts,37200,70400,88.56594%,96.31052%
Wofford College,Liberal Arts,33200,75000,79.04272%,102.60353%
Woodbury University,Private,41900,66400,99.75572%,90.83833%
Worcester Polytechnic Institute (WPI),"Private Research Universities, Engineering",60900,104000,144.99102%,142.27690%
Worcester State College,State Schools,40300,67100,95.94644%,91.79596%
Wright State University,State Schools,41200,68600,98.08916%,93.84803%
"Xavier University, Cincinnati",Private,44800,77300,106.66006%,105.75004%
Yale University,"Private Research Universities, Ivy League",52600,110000,125.23034%,150.48518%
York College Pennsylvania,Private,40500,62100,96.42260%,84.95573%
Youngstown State University (YSU),State Schools,40000,67600,95.23219%,92.47999%
